keyword,location,country
MOWING,2450,Australia
MOWING,2477,Australia
MOWING,2430,Australia
MOWING,2343,Australia
MOWING,2311,Australia
MOWING,2479,Australia
MOWING,2404,Australia
MOWING,2470,Australia
MOWING,2462,Australia
MOWING,2463,Australia
MOWING,2372,Australia
MOWING,3483,Australia
MOWING,2448,Australia
MOWING,2330,Australia
MOWING,2290,Australia
MOWING,2250,Australia
MOWING,2303,Australia
MOWING,2334,Australia
MOWING,2325,Australia
MOWING,2326,Australia
MOWING,2322,Australia
MOWING,2300,Australia
MOWING,2295,Australia
MOWING,2264,Australia
MOWING,2305,Australia
MOWING,2285,Australia
MOWING,2319,Australia
MOWING,2421,Australia
MOWING,2321,Australia
MOWING,2289,Australia
MOWING,2256,Australia
MOWING,2333,Australia
MOWING,2291,Australia
MOWING,2304,Australia
MOWING,2287,Australia
MOWING,2259,Australia
MOWING,2280,Australia
MOWING,2283,Australia
MOWING,2323,Australia
MOWING,2307,Australia
MOWING,2262,Australia
MOWING,2265,Australia
MOWING,2337,Australia
MOWING,2296,Australia
MOWING,2261,Australia
MOWING,2335,Australia
MOWING,2298,Australia
MOWING,2306,Australia
MOWING,2336,Australia
MOWING,2294,Australia
MOWING,2299,Australia
MOWING,2315,Australia
MOWING,2318,Australia
MOWING,2579,Australia
MOWING,2536,Australia
MOWING,2580,Australia
